Datei 1,Datei 2,Distanz
quantum_log_Simulatrix Neuralis_act_nq4_20250418035750_c5b2.json,quantum_log_Simulatrix Neuralis_act_nq4_20250418035756_5563.json,0.0000
quantum_log_Simulatrix Neuralis_act_nq4_20250418035746_27d2.json,quantum_log_Simulatrix Neuralis_act_nq4_20250418035747_5f2d.json,1.0000
quantum_log_Simulatrix Neuralis_act_nq4_20250418035746_27d2.json,quantum_log_Simulatrix Neuralis_act_nq4_20250418035748_1622.json,1.0000
quantum_log_Simulatrix Neuralis_act_nq4_20250418035746_27d2.json,quantum_log_Simulatrix Neuralis_act_nq4_20250418035749_0980.json,1.0000
quantum_log_Simulatrix Neuralis_act_nq4_20250418035746_27d2.json,quantum_log_Simulatrix Neuralis_act_nq4_20250418035750_c5b2.json,1.0000
quantum_log_Simulatrix Neuralis_act_nq4_20250418035746_27d2.json,quantum_log_Simulatrix Neuralis_act_nq4_20250418035756_5563.json,1.0000
quantum_log_Simulatrix Neuralis_act_nq4_20250418035748_8921.json,quantum_log_Simulatrix Neuralis_act_nq4_20250418035749_0980.json,1.0000
quantum_log_Bildung und Wissensvermittlung_act_nq4_20250418035757_7c75.json,quantum_log_Simulatrix Neuralis_act_nq4_20250418035747_5f2d.json,1.4142
quantum_log_Ethik und Moral_act_nq4_20250418035802_99d8.json,quantum_log_Simulatrix Neuralis_act_nq4_20250418035751_9a38.json,1.4142
quantum_log_Ethik und Moral_act_nq4_20250418035827_0612.json,quantum_log_Ethik und Moral_act_nq4_20250418035832_00b2.json,1.4142
quantum_log_Forschungspolitik und Finanzierung_act_nq4_20250418035810_e17a.json,quantum_log_Simulatrix Neuralis_act_nq4_20250418035747_5f2d.json,1.4142
quantum_log_Forschungspolitik und Finanzierung_act_nq4_20250418035819_5299.json,quantum_log_Forschungspolitik und Finanzierung_act_nq4_20250418035825_d697.json,1.4142
quantum_log_Forschungspolitik und Finanzierung_act_nq4_20250418035824_2c5d.json,quantum_log_Simulatrix Neuralis_act_nq4_20250418035757_9b3e.json,1.4142
quantum_log_Forschungspolitik und Finanzierung_act_nq4_20250418035826_e716.json,quantum_log_Simulatrix Neuralis_act_nq4_20250418035748_1622.json,1.4142
quantum_log_Forschungspolitik und Finanzierung_act_nq4_20250418035826_e716.json,quantum_log_Simulatrix Neuralis_act_nq4_20250418035750_c5b2.json,1.4142
quantum_log_Forschungspolitik und Finanzierung_act_nq4_20250418035826_e716.json,quantum_log_Simulatrix Neuralis_act_nq4_20250418035756_5563.json,1.4142
quantum_log_Simulatrix Neuralis_act_nq4_20250418035746_27d2.json,quantum_log_Simulatrix Neuralis_act_nq4_20250418035748_8921.json,1.4142
quantum_log_Simulatrix Neuralis_act_nq4_20250418035747_3a6e.json,quantum_log_Simulatrix Neuralis_act_nq4_20250418035748_1622.json,1.4142
quantum_log_Simulatrix Neuralis_act_nq4_20250418035747_5f2d.json,quantum_log_Simulatrix Neuralis_act_nq4_20250418035748_1622.json,1.4142
quantum_log_Simulatrix Neuralis_act_nq4_20250418035747_5f2d.json,quantum_log_Simulatrix Neuralis_act_nq4_20250418035749_0980.json,1.4142
quantum_log_Simulatrix Neuralis_act_nq4_20250418035747_5f2d.json,quantum_log_Simulatrix Neuralis_act_nq4_20250418035750_c5b2.json,1.4142
quantum_log_Simulatrix Neuralis_act_nq4_20250418035747_5f2d.json,quantum_log_Simulatrix Neuralis_act_nq4_20250418035756_5563.json,1.4142
quantum_log_Simulatrix Neuralis_act_nq4_20250418035748_1622.json,quantum_log_Simulatrix Neuralis_act_nq4_20250418035749_0980.json,1.4142
quantum_log_Simulatrix Neuralis_act_nq4_20250418035748_1622.json,quantum_log_Simulatrix Neuralis_act_nq4_20250418035750_c5b2.json,1.4142
quantum_log_Simulatrix Neuralis_act_nq4_20250418035748_1622.json,quantum_log_Simulatrix Neuralis_act_nq4_20250418035756_5563.json,1.4142
quantum_log_Simulatrix Neuralis_act_nq4_20250418035749_0980.json,quantum_log_Simulatrix Neuralis_act_nq4_20250418035750_c5b2.json,1.4142
quantum_log_Simulatrix Neuralis_act_nq4_20250418035749_0980.json,quantum_log_Simulatrix Neuralis_act_nq4_20250418035756_5563.json,1.4142
quantum_log_Bildung und Wissensvermittlung_act_nq4_20250418035757_7c75.json,quantum_log_Simulatrix Neuralis_act_nq4_20250418035746_27d2.json,1.7321
quantum_log_Bildung und Wissensvermittlung_act_nq4_20250418035814_0599.json,quantum_log_Synergien und Integration_act_nq4_20250418035823_2ef6.json,1.7321
quantum_log_Cortex Creativus_act_nq4_20250418035757_7e2a.json,quantum_log_Ethik und Moral_act_nq4_20250418035746_bc6f.json,1.7321
quantum_log_Cortex Creativus_act_nq4_20250418035811_834e.json,quantum_log_Simulatrix Neuralis_act_nq4_20250418035824_c723.json,1.7321
quantum_log_Cortex Criticus_act_nq4_20250418035746_48f2.json,quantum_log_Ethik und Moral_act_nq4_20250418035759_2251.json,1.7321
quantum_log_Cortex Criticus_act_nq4_20250418035746_5534.json,quantum_log_Simulatrix Neuralis_act_nq4_20250418035746_27d2.json,1.7321
quantum_log_Cortex Criticus_act_nq4_20250418035751_baed.json,quantum_log_Meta Cognitio_act_nq4_20250418035758_25d0.json,1.7321
quantum_log_Cortex Criticus_act_nq4_20250418035753_043d.json,quantum_log_Ethik und Moral_act_nq4_20250418035828_f7c7.json,1.7321
quantum_log_Cortex Socialis_act_nq4_20250418035802_9a26.json,quantum_log_Meta Cognitio_act_nq4_20250418035817_e205.json,1.7321
quantum_log_Cortex Socialis_act_nq4_20250418035812_bf75.json,quantum_log_Forschungspolitik und Finanzierung_act_nq4_20250418035831_79ab.json,1.7321
quantum_log_Ethik und Moral_act_nq4_20250418035749_3aa4.json,quantum_log_Limbus Affektus_act_nq4_20250418035800_5135.json,1.7321
quantum_log_Ethik und Moral_act_nq4_20250418035802_99d8.json,quantum_log_Simulatrix Neuralis_act_nq4_20250418035747_5f2d.json,1.7321
quantum_log_Ethik und Moral_act_nq4_20250418035820_424d.json,quantum_log_Forschungspolitik und Finanzierung_act_nq4_20250418035826_e716.json,1.7321
quantum_log_Ethik und Moral_act_nq4_20250418035822_63ba.json,quantum_log_Forschungspolitik und Finanzierung_act_nq4_20250418035821_e425.json,1.7321
quantum_log_Ethik und Moral_act_nq4_20250418035825_0741.json,quantum_log_Forschungspolitik und Finanzierung_act_nq4_20250418035823_8645.json,1.7321
quantum_log_Ethik und Moral_act_nq4_20250418035825_1151.json,quantum_log_Forschungspolitik und Finanzierung_act_nq4_20250418035810_e17a.json,1.7321
quantum_log_Ethik und Moral_act_nq4_20250418035828_f7c7.json,quantum_log_Forschungspolitik und Finanzierung_act_nq4_20250418035759_ea5a.json,1.7321
quantum_log_Ethik und Moral_act_nq4_20250418035828_f7c7.json,quantum_log_Simulatrix Neuralis_act_nq4_20250418035750_c5b2.json,1.7321
quantum_log_Ethik und Moral_act_nq4_20250418035828_f7c7.json,quantum_log_Simulatrix Neuralis_act_nq4_20250418035756_5563.json,1.7321
quantum_log_Ethik und Moral_act_nq4_20250418035832_00b2.json,quantum_log_Simulatrix Neuralis_act_nq4_20250418035746_27d2.json,1.7321
quantum_log_Forschungspolitik und Finanzierung_act_nq4_20250418035756_c1b3.json,quantum_log_Meta Cognitio_act_nq4_20250418035751_da05.json,1.7321
quantum_log_Forschungspolitik und Finanzierung_act_nq4_20250418035803_a104.json,quantum_log_Simulatrix Neuralis_act_nq4_20250418035806_c729.json,1.7321
quantum_log_Forschungspolitik und Finanzierung_act_nq4_20250418035804_c245.json,quantum_log_Wirtschaft und Sicherheit_act_nq4_20250418035817_12e4.json,1.7321
quantum_log_Forschungspolitik und Finanzierung_act_nq4_20250418035805_330a.json,quantum_log_Forschungspolitik und Finanzierung_act_nq4_20250418035826_e716.json,1.7321
quantum_log_Forschungspolitik und Finanzierung_act_nq4_20250418035805_330a.json,quantum_log_Simulatrix Neuralis_act_nq4_20250418035748_1622.json,1.7321
quantum_log_Forschungspolitik und Finanzierung_act_nq4_20250418035805_330a.json,quantum_log_Simulatrix Neuralis_act_nq4_20250418035749_0980.json,1.7321
quantum_log_Forschungspolitik und Finanzierung_act_nq4_20250418035805_330a.json,quantum_log_Simulatrix Neuralis_act_nq4_20250418035750_c5b2.json,1.7321
quantum_log_Forschungspolitik und Finanzierung_act_nq4_20250418035805_330a.json,quantum_log_Simulatrix Neuralis_act_nq4_20250418035756_5563.json,1.7321
quantum_log_Forschungspolitik und Finanzierung_act_nq4_20250418035810_a5ca.json,quantum_log_Simulatrix Neuralis_act_nq4_20250418035747_5f2d.json,1.7321
quantum_log_Forschungspolitik und Finanzierung_act_nq4_20250418035810_e17a.json,quantum_log_Forschungspolitik und Finanzierung_act_nq4_20250418035824_2c5d.json,1.7321
quantum_log_Forschungspolitik und Finanzierung_act_nq4_20250418035810_e17a.json,quantum_log_Simulatrix Neuralis_act_nq4_20250418035746_27d2.json,1.7321
quantum_log_Forschungspolitik und Finanzierung_act_nq4_20250418035810_e17a.json,quantum_log_Simulatrix Neuralis_act_nq4_20250418035748_8921.json,1.7321
quantum_log_Forschungspolitik und Finanzierung_act_nq4_20250418035810_e17a.json,quantum_log_Simulatrix Neuralis_act_nq4_20250418035757_9b3e.json,1.7321
quantum_log_Forschungspolitik und Finanzierung_act_nq4_20250418035813_a8bb.json,quantum_log_Simulatrix Neuralis_act_nq4_20250418035748_1622.json,1.7321
quantum_log_Forschungspolitik und Finanzierung_act_nq4_20250418035817_70f9.json,quantum_log_Simulatrix Neuralis_act_nq4_20250418035746_27d2.json,1.7321
quantum_log_Forschungspolitik und Finanzierung_act_nq4_20250418035824_2c5d.json,quantum_log_Simulatrix Neuralis_act_nq4_20250418035747_3a6e.json,1.7321
quantum_log_Forschungspolitik und Finanzierung_act_nq4_20250418035824_2c5d.json,quantum_log_Simulatrix Neuralis_act_nq4_20250418035748_1622.json,1.7321
quantum_log_Forschungspolitik und Finanzierung_act_nq4_20250418035826_e716.json,quantum_log_Simulatrix Neuralis_act_nq4_20250418035746_27d2.json,1.7321
quantum_log_Forschungspolitik und Finanzierung_act_nq4_20250418035827_91b6.json,quantum_log_Simulatrix Neuralis_act_nq4_20250418035746_27d2.json,1.7321
quantum_log_Forschungspolitik und Finanzierung_act_nq4_20250418035827_91b6.json,quantum_log_Simulatrix Neuralis_act_nq4_20250418035755_e6f9.json,1.7321
quantum_log_Simulatrix Neuralis_act_nq4_20250418035746_1dcd.json,quantum_log_Simulatrix Neuralis_act_nq4_20250418035746_27d2.json,1.7321
quantum_log_Simulatrix Neuralis_act_nq4_20250418035746_27d2.json,quantum_log_Simulatrix Neuralis_act_nq4_20250418035747_3a6e.json,1.7321
quantum_log_Simulatrix Neuralis_act_nq4_20250418035746_27d2.json,quantum_log_Simulatrix Neuralis_act_nq4_20250418035752_fd14.json,1.7321
quantum_log_Simulatrix Neuralis_act_nq4_20250418035747_5f2d.json,quantum_log_Simulatrix Neuralis_act_nq4_20250418035748_8921.json,1.7321
quantum_log_Simulatrix Neuralis_act_nq4_20250418035747_5f2d.json,quantum_log_Simulatrix Neuralis_act_nq4_20250418035751_9a38.json,1.7321
quantum_log_Simulatrix Neuralis_act_nq4_20250418035747_5f2d.json,quantum_log_Simulatrix Neuralis_act_nq4_20250418035752_3a6a.json,1.7321
quantum_log_Simulatrix Neuralis_act_nq4_20250418035748_1622.json,quantum_log_Simulatrix Neuralis_act_nq4_20250418035748_8921.json,1.7321
quantum_log_Simulatrix Neuralis_act_nq4_20250418035748_1622.json,quantum_log_Simulatrix Neuralis_act_nq4_20250418035752_3a6a.json,1.7321
quantum_log_Simulatrix Neuralis_act_nq4_20250418035748_8921.json,quantum_log_Simulatrix Neuralis_act_nq4_20250418035750_c5b2.json,1.7321
quantum_log_Simulatrix Neuralis_act_nq4_20250418035748_8921.json,quantum_log_Simulatrix Neuralis_act_nq4_20250418035756_5563.json,1.7321
quantum_log_Simulatrix Neuralis_act_nq4_20250418035749_0980.json,quantum_log_Simulatrix Neuralis_act_nq4_20250418035752_3a6a.json,1.7321
quantum_log_Simulatrix Neuralis_act_nq4_20250418035749_0980.json,quantum_log_Simulatrix Neuralis_act_nq4_20250418035756_3273.json,1.7321
quantum_log_Simulatrix Neuralis_act_nq4_20250418035755_2d1e.json,quantum_log_Simulatrix Neuralis_act_nq4_20250418035801_85c9.json,1.7321
quantum_log_Bildung und Wissensvermittlung_act_nq4_20250418035749_a837.json,quantum_log_Cortex Socialis_act_nq4_20250418035750_2e4f.json,2.0000
quantum_log_Bildung und Wissensvermittlung_act_nq4_20250418035749_a837.json,quantum_log_Cortex Socialis_act_nq4_20250418035756_3b1f.json,2.0000
quantum_log_Bildung und Wissensvermittlung_act_nq4_20250418035755_789e.json,quantum_log_Cortex Criticus_act_nq4_20250418035746_5534.json,2.0000
quantum_log_Bildung und Wissensvermittlung_act_nq4_20250418035757_7c75.json,quantum_log_Ethik und Moral_act_nq4_20250418035821_2fc7.json,2.0000
quantum_log_Bildung und Wissensvermittlung_act_nq4_20250418035757_7c75.json,quantum_log_Simulatrix Neuralis_act_nq4_20250418035749_0980.json,2.0000
quantum_log_Bildung und Wissensvermittlung_act_nq4_20250418035757_7c75.json,quantum_log_Simulatrix Neuralis_act_nq4_20250418035750_c5b2.json,2.0000
quantum_log_Bildung und Wissensvermittlung_act_nq4_20250418035757_7c75.json,quantum_log_Simulatrix Neuralis_act_nq4_20250418035752_fd14.json,2.0000
quantum_log_Bildung und Wissensvermittlung_act_nq4_20250418035757_7c75.json,quantum_log_Simulatrix Neuralis_act_nq4_20250418035756_5563.json,2.0000
quantum_log_Bildung und Wissensvermittlung_act_nq4_20250418035759_7719.json,quantum_log_Ethik und Moral_act_nq4_20250418035809_aba3.json,2.0000
quantum_log_Bildung und Wissensvermittlung_act_nq4_20250418035803_cdf1.json,quantum_log_Cortex Creativus_act_nq4_20250418035756_9f3a.json,2.0000
quantum_log_Bildung und Wissensvermittlung_act_nq4_20250418035806_d813.json,quantum_log_Cortex Criticus_act_nq4_20250418035828_3210.json,2.0000
quantum_log_Bildung und Wissensvermittlung_act_nq4_20250418035810_39b4.json,quantum_log_Cortex Criticus_act_nq4_20250418035821_a61e.json,2.0000
quantum_log_Bildung und Wissensvermittlung_act_nq4_20250418035813_7fe0.json,quantum_log_Cortex Criticus_act_nq4_20250418035751_baed.json,2.0000
quantum_log_Bildung und Wissensvermittlung_act_nq4_20250418035814_4d8e.json,quantum_log_Ethik und Moral_act_nq4_20250418035805_861f.json,2.0000
quantum_log_Bildung und Wissensvermittlung_act_nq4_20250418035826_9f1a.json,quantum_log_Cortex Creativus_act_nq4_20250418035757_7e2a.json,2.0000
quantum_log_Bildung und Wissensvermittlung_act_nq4_20250418035829_0946.json,quantum_log_Simulatrix Neuralis_act_nq4_20250418035746_27d2.json,2.0000
quantum_log_Bildung und Wissensvermittlung_act_nq4_20250418035832_08da.json,quantum_log_Simulatrix Neuralis_act_nq4_20250418035757_9b3e.json,2.0000
quantum_log_Cortex Creativus_act_nq4_20250418035745_8dd3.json,quantum_log_Cortex Criticus_act_nq4_20250418035747_9212.json,2.0000
quantum_log_Cortex Creativus_act_nq4_20250418035756_9f3a.json,quantum_log_Cortex Criticus_act_nq4_20250418035816_32e7.json,2.0000
quantum_log_Cortex Creativus_act_nq4_20250418035806_3557.json,quantum_log_Synergien und Integration_act_nq4_20250418035821_8dbc.json,2.0000
quantum_log_Cortex Creativus_act_nq4_20250418035809_1c3f.json,quantum_log_Ethik und Moral_act_nq4_20250418035825_0741.json,2.0000
quantum_log_Cortex Creativus_act_nq4_20250418035809_1c3f.json,quantum_log_Ethik und Moral_act_nq4_20250418035828_f7c7.json,2.0000
quantum_log_Cortex Creativus_act_nq4_20250418035809_1c3f.json,quantum_log_Forschungspolitik und Finanzierung_act_nq4_20250418035805_330a.json,2.0000
quantum_log_Cortex Creativus_act_nq4_20250418035815_dab4.json,quantum_log_Meta Cognitio_act_nq4_20250418035759_207f.json,2.0000
quantum_log_Cortex Creativus_act_nq4_20250418035825_3b31.json,quantum_log_Synergien und Integration_act_nq4_20250418035823_2ef6.json,2.0000
quantum_log_Cortex Criticus_act_nq4_20250418035746_48f2.json,quantum_log_Simulatrix Neuralis_act_nq4_20250418035754_02b4.json,2.0000
quantum_log_Cortex Criticus_act_nq4_20250418035746_48f2.json,quantum_log_Simulatrix Neuralis_act_nq4_20250418035806_54cd.json,2.0000
quantum_log_Cortex Criticus_act_nq4_20250418035746_48f2.json,quantum_log_Simulatrix Neuralis_act_nq4_20250418035829_f75c.json,2.0000
quantum_log_Cortex Criticus_act_nq4_20250418035746_5534.json,quantum_log_Forschungspolitik und Finanzierung_act_nq4_20250418035827_91b6.json,2.0000
quantum_log_Cortex Criticus_act_nq4_20250418035746_5534.json,quantum_log_Simulatrix Neuralis_act_nq4_20250418035747_5f2d.json,2.0000
quantum_log_Cortex Criticus_act_nq4_20250418035746_5534.json,quantum_log_Simulatrix Neuralis_act_nq4_20250418035748_1622.json,2.0000
quantum_log_Cortex Criticus_act_nq4_20250418035746_5534.json,quantum_log_Simulatrix Neuralis_act_nq4_20250418035750_c5b2.json,2.0000
quantum_log_Cortex Criticus_act_nq4_20250418035746_5534.json,quantum_log_Simulatrix Neuralis_act_nq4_20250418035756_5563.json,2.0000
quantum_log_Cortex Criticus_act_nq4_20250418035748_200b.json,quantum_log_Ethik und Moral_act_nq4_20250418035825_0741.json,2.0000
quantum_log_Cortex Criticus_act_nq4_20250418035748_200b.json,quantum_log_Simulatrix Neuralis_act_nq4_20250418035754_02b4.json,2.0000
quantum_log_Cortex Criticus_act_nq4_20250418035752_8cde.json,quantum_log_Forschungspolitik und Finanzierung_act_nq4_20250418035813_a8bb.json,2.0000
quantum_log_Cortex Criticus_act_nq4_20250418035752_8cde.json,quantum_log_Simulatrix Neuralis_act_nq4_20250418035757_9b3e.json,2.0000
quantum_log_Cortex Criticus_act_nq4_20250418035752_f8ca.json,quantum_log_Forschungspolitik und Finanzierung_act_nq4_20250418035832_2185.json,2.0000
quantum_log_Cortex Criticus_act_nq4_20250418035754_2442.json,quantum_log_Wirtschaft und Sicherheit_act_nq4_20250418035817_12e4.json,2.0000
quantum_log_Cortex Criticus_act_nq4_20250418035807_2c37.json,quantum_log_Cortex Criticus_act_nq4_20250418035812_791d.json,2.0000
quantum_log_Cortex Criticus_act_nq4_20250418035811_4288.json,quantum_log_Ethik und Moral_act_nq4_20250418035759_2251.json,2.0000
quantum_log_Cortex Criticus_act_nq4_20250418035812_791d.json,quantum_log_Simulatrix Neuralis_act_nq4_20250418035749_0980.json,2.0000
quantum_log_Cortex Criticus_act_nq4_20250418035817_f101.json,quantum_log_Cortex Criticus_act_nq4_20250418035820_8cdc.json,2.0000
quantum_log_Cortex Criticus_act_nq4_20250418035817_f101.json,quantum_log_Ethik und Moral_act_nq4_20250418035825_1151.json,2.0000
quantum_log_Cortex Criticus_act_nq4_20250418035817_f101.json,quantum_log_Forschungspolitik und Finanzierung_act_nq4_20250418035819_6ab7.json,2.0000
quantum_log_Cortex Criticus_act_nq4_20250418035817_f101.json,quantum_log_Simulatrix Neuralis_act_nq4_20250418035756_3273.json,2.0000
quantum_log_Cortex Criticus_act_nq4_20250418035820_8cdc.json,quantum_log_Cortex Socialis_act_nq4_20250418035806_78d0.json,2.0000
quantum_log_Cortex Criticus_act_nq4_20250418035820_8cdc.json,quantum_log_Ethik und Moral_act_nq4_20250418035825_1151.json,2.0000
quantum_log_Cortex Criticus_act_nq4_20250418035820_8cdc.json,quantum_log_Forschungspolitik und Finanzierung_act_nq4_20250418035819_6ab7.json,2.0000
quantum_log_Cortex Criticus_act_nq4_20250418035820_8cdc.json,quantum_log_Meta Cognitio_act_nq4_20250418035758_8bd2.json,2.0000
quantum_log_Cortex Criticus_act_nq4_20250418035824_46e6.json,quantum_log_Meta Cognitio_act_nq4_20250418035810_e5b9.json,2.0000
quantum_log_Cortex Criticus_act_nq4_20250418035825_6d76.json,quantum_log_Forschungspolitik und Finanzierung_act_nq4_20250418035824_2c5d.json,2.0000
quantum_log_Cortex Criticus_act_nq4_20250418035833_36cd.json,quantum_log_Ethik und Moral_act_nq4_20250418035807_5843.json,2.0000
quantum_log_Cortex Socialis_act_nq4_20250418035746_df35.json,quantum_log_Forschungspolitik und Finanzierung_act_nq4_20250418035826_e716.json,2.0000
quantum_log_Cortex Socialis_act_nq4_20250418035746_df35.json,quantum_log_Simulatrix Neuralis_act_nq4_20250418035748_1622.json,2.0000
quantum_log_Cortex Socialis_act_nq4_20250418035747_c76a.json,quantum_log_Simulatrix Neuralis_act_nq4_20250418035802_46ef.json,2.0000
quantum_log_Cortex Socialis_act_nq4_20250418035750_2e4f.json,quantum_log_Cortex Socialis_act_nq4_20250418035756_3b1f.json,2.0000
quantum_log_Cortex Socialis_act_nq4_20250418035751_0f4d.json,quantum_log_Ethik und Moral_act_nq4_20250418035820_19d2.json,2.0000
quantum_log_Cortex Socialis_act_nq4_20250418035800_b69b.json,quantum_log_Ethik und Moral_act_nq4_20250418035827_2f66.json,2.0000
quantum_log_Cortex Socialis_act_nq4_20250418035802_9a26.json,quantum_log_Ethik und Moral_act_nq4_20250418035829_2184.json,2.0000
quantum_log_Cortex Socialis_act_nq4_20250418035802_9a26.json,quantum_log_Simulatrix Neuralis_act_nq4_20250418035746_1dcd.json,2.0000
quantum_log_Cortex Socialis_act_nq4_20250418035815_4a1f.json,quantum_log_Forschungspolitik und Finanzierung_act_nq4_20250418035747_33af.json,2.0000
quantum_log_Cortex Socialis_act_nq4_20250418035816_4d8c.json,quantum_log_Limbus Affektus_act_nq4_20250418035800_5135.json,2.0000
quantum_log_Cortex Socialis_act_nq4_20250418035820_4a4b.json,quantum_log_Wirtschaft und Sicherheit_act_nq4_20250418035745_ee54.json,2.0000
quantum_log_Cortex Socialis_act_nq4_20250418035820_b06b.json,quantum_log_Forschungspolitik und Finanzierung_act_nq4_20250418035815_c785.json,2.0000
quantum_log_Ethik und Moral_act_nq4_20250418035750_b5ed.json,quantum_log_Forschungspolitik und Finanzierung_act_nq4_20250418035831_79ab.json,2.0000
quantum_log_Ethik und Moral_act_nq4_20250418035759_2251.json,quantum_log_Simulatrix Neuralis_act_nq4_20250418035750_c5b2.json,2.0000
quantum_log_Ethik und Moral_act_nq4_20250418035759_2251.json,quantum_log_Simulatrix Neuralis_act_nq4_20250418035756_5563.json,2.0000
quantum_log_Ethik und Moral_act_nq4_20250418035802_99d8.json,quantum_log_Forschungspolitik und Finanzierung_act_nq4_20250418035815_c785.json,2.0000
quantum_log_Ethik und Moral_act_nq4_20250418035802_99d8.json,quantum_log_Forschungspolitik und Finanzierung_act_nq4_20250418035816_41f5.json,2.0000
quantum_log_Ethik und Moral_act_nq4_20250418035802_99d8.json,quantum_log_Simulatrix Neuralis_act_nq4_20250418035746_27d2.json,2.0000
quantum_log_Ethik und Moral_act_nq4_20250418035802_99d8.json,quantum_log_Simulatrix Neuralis_act_nq4_20250418035752_3a6a.json,2.0000
quantum_log_Ethik und Moral_act_nq4_20250418035811_9ce6.json,quantum_log_Simulatrix Neuralis_act_nq4_20250418035751_9a38.json,2.0000
quantum_log_Ethik und Moral_act_nq4_20250418035819_4bb1.json,quantum_log_Simulatrix Neuralis_act_nq4_20250418035749_0ec3.json,2.0000
quantum_log_Ethik und Moral_act_nq4_20250418035820_19d2.json,quantum_log_Forschungspolitik und Finanzierung_act_nq4_20250418035757_08d9.json,2.0000
quantum_log_Ethik und Moral_act_nq4_20250418035820_19d2.json,quantum_log_Forschungspolitik und Finanzierung_act_nq4_20250418035810_a5ca.json,2.0000
quantum_log_Ethik und Moral_act_nq4_20250418035820_424d.json,quantum_log_Forschungspolitik und Finanzierung_act_nq4_20250418035753_3f60.json,2.0000
quantum_log_Ethik und Moral_act_nq4_20250418035822_c558.json,quantum_log_Ethik und Moral_act_nq4_20250418035831_1ec6.json,2.0000
quantum_log_Ethik und Moral_act_nq4_20250418035824_8ec5.json,quantum_log_Ethik und Moral_act_nq4_20250418035831_1ec6.json,2.0000
quantum_log_Ethik und Moral_act_nq4_20250418035825_0741.json,quantum_log_Ethik und Moral_act_nq4_20250418035830_90ef.json,2.0000
quantum_log_Ethik und Moral_act_nq4_20250418035828_f7c7.json,quantum_log_Forschungspolitik und Finanzierung_act_nq4_20250418035805_330a.json,2.0000
quantum_log_Ethik und Moral_act_nq4_20250418035828_f7c7.json,quantum_log_Forschungspolitik und Finanzierung_act_nq4_20250418035810_a5ca.json,2.0000
quantum_log_Ethik und Moral_act_nq4_20250418035828_f7c7.json,quantum_log_Simulatrix Neuralis_act_nq4_20250418035746_27d2.json,2.0000
quantum_log_Ethik und Moral_act_nq4_20250418035828_f7c7.json,quantum_log_Simulatrix Neuralis_act_nq4_20250418035748_8921.json,2.0000
quantum_log_Ethik und Moral_act_nq4_20250418035829_2184.json,quantum_log_Simulatrix Neuralis_act_nq4_20250418035753_6457.json,2.0000
quantum_log_Ethik und Moral_act_nq4_20250418035829_bb9e.json,quantum_log_Forschungspolitik und Finanzierung_act_nq4_20250418035827_91b6.json,2.0000
quantum_log_Ethik und Moral_act_nq4_20250418035829_bb9e.json,quantum_log_Meta Cognitio_act_nq4_20250418035759_207f.json,2.0000
quantum_log_Ethik und Moral_act_nq4_20250418035829_bb9e.json,quantum_log_Simulatrix Neuralis_act_nq4_20250418035750_3843.json,2.0000
quantum_log_Ethik und Moral_act_nq4_20250418035829_bb9e.json,quantum_log_Simulatrix Neuralis_act_nq4_20250418035750_c5b2.json,2.0000
quantum_log_Ethik und Moral_act_nq4_20250418035829_bb9e.json,quantum_log_Simulatrix Neuralis_act_nq4_20250418035756_5563.json,2.0000
quantum_log_Ethik und Moral_act_nq4_20250418035832_00b2.json,quantum_log_Simulatrix Neuralis_act_nq4_20250418035746_1dcd.json,2.0000
quantum_log_Ethik und Moral_act_nq4_20250418035832_00b2.json,quantum_log_Simulatrix Neuralis_act_nq4_20250418035747_5f2d.json,2.0000
quantum_log_Ethik und Moral_act_nq4_20250418035832_00b2.json,quantum_log_Simulatrix Neuralis_act_nq4_20250418035748_1622.json,2.0000
quantum_log_Ethik und Moral_act_nq4_20250418035832_00b2.json,quantum_log_Simulatrix Neuralis_act_nq4_20250418035749_0980.json,2.0000
quantum_log_Forschungspolitik und Finanzierung_act_nq4_20250418035750_b96f.json,quantum_log_Forschungspolitik und Finanzierung_act_nq4_20250418035832_4971.json,2.0000
quantum_log_Forschungspolitik und Finanzierung_act_nq4_20250418035752_7c16.json,quantum_log_Simulatrix Neuralis_act_nq4_20250418035748_8921.json,2.0000
quantum_log_Forschungspolitik und Finanzierung_act_nq4_20250418035757_08d9.json,quantum_log_Forschungspolitik und Finanzierung_act_nq4_20250418035810_a5ca.json,2.0000
quantum_log_Forschungspolitik und Finanzierung_act_nq4_20250418035757_08d9.json,quantum_log_Simulatrix Neuralis_act_nq4_20250418035752_3a6a.json,2.0000
quantum_log_Forschungspolitik und Finanzierung_act_nq4_20250418035804_c245.json,quantum_log_Simulatrix Neuralis_act_nq4_20250418035750_3843.json,2.0000
quantum_log_Forschungspolitik und Finanzierung_act_nq4_20250418035805_330a.json,quantum_log_Simulatrix Neuralis_act_nq4_20250418035746_27d2.json,2.0000
quantum_log_Forschungspolitik und Finanzierung_act_nq4_20250418035805_330a.json,quantum_log_Simulatrix Neuralis_act_nq4_20250418035748_8921.json,2.0000
quantum_log_Forschungspolitik und Finanzierung_act_nq4_20250418035805_330a.json,quantum_log_Simulatrix Neuralis_act_nq4_20250418035752_3a6a.json,2.0000
quantum_log_Forschungspolitik und Finanzierung_act_nq4_20250418035810_a5ca.json,quantum_log_Simulatrix Neuralis_act_nq4_20250418035746_27d2.json,2.0000
quantum_log_Forschungspolitik und Finanzierung_act_nq4_20250418035810_a5ca.json,quantum_log_Simulatrix Neuralis_act_nq4_20250418035751_9a38.json,2.0000
quantum_log_Forschungspolitik und Finanzierung_act_nq4_20250418035810_e17a.json,quantum_log_Forschungspolitik und Finanzierung_act_nq4_20250418035817_70f9.json,2.0000
quantum_log_Forschungspolitik und Finanzierung_act_nq4_20250418035810_e17a.json,quantum_log_Simulatrix Neuralis_act_nq4_20250418035747_3a6e.json,2.0000
quantum_log_Forschungspolitik und Finanzierung_act_nq4_20250418035810_e17a.json,quantum_log_Simulatrix Neuralis_act_nq4_20250418035748_1622.json,2.0000
quantum_log_Forschungspolitik und Finanzierung_act_nq4_20250418035810_e17a.json,quantum_log_Simulatrix Neuralis_act_nq4_20250418035749_0980.json,2.0000
quantum_log_Forschungspolitik und Finanzierung_act_nq4_20250418035810_e17a.json,quantum_log_Simulatrix Neuralis_act_nq4_20250418035750_c5b2.json,2.0000
quantum_log_Forschungspolitik und Finanzierung_act_nq4_20250418035810_e17a.json,quantum_log_Simulatrix Neuralis_act_nq4_20250418035756_5563.json,2.0000
quantum_log_Forschungspolitik und Finanzierung_act_nq4_20250418035813_a8bb.json,quantum_log_Simulatrix Neuralis_act_nq4_20250418035746_27d2.json,2.0000
quantum_log_Forschungspolitik und Finanzierung_act_nq4_20250418035814_2fcb.json,quantum_log_Forschungspolitik und Finanzierung_act_nq4_20250418035829_783d.json,2.0000
quantum_log_Forschungspolitik und Finanzierung_act_nq4_20250418035814_2fcb.json,quantum_log_Simulatrix Neuralis_act_nq4_20250418035750_c5b2.json,2.0000
quantum_log_Forschungspolitik und Finanzierung_act_nq4_20250418035814_2fcb.json,quantum_log_Simulatrix Neuralis_act_nq4_20250418035756_5563.json,2.0000
quantum_log_Forschungspolitik und Finanzierung_act_nq4_20250418035816_41f5.json,quantum_log_Simulatrix Neuralis_act_nq4_20250418035756_3273.json,2.0000
quantum_log_Forschungspolitik und Finanzierung_act_nq4_20250418035817_0019.json,quantum_log_Simulatrix Neuralis_act_nq4_20250418035747_3a6e.json,2.0000
quantum_log_Forschungspolitik und Finanzierung_act_nq4_20250418035817_0019.json,quantum_log_Simulatrix Neuralis_act_nq4_20250418035747_5f2d.json,2.0000
quantum_log_Forschungspolitik und Finanzierung_act_nq4_20250418035817_0019.json,quantum_log_Simulatrix Neuralis_act_nq4_20250418035748_1622.json,2.0000
quantum_log_Forschungspolitik und Finanzierung_act_nq4_20250418035817_70f9.json,quantum_log_Forschungspolitik und Finanzierung_act_nq4_20250418035827_91b6.json,2.0000
quantum_log_Forschungspolitik und Finanzierung_act_nq4_20250418035817_70f9.json,quantum_log_Simulatrix Neuralis_act_nq4_20250418035746_1dcd.json,2.0000
quantum_log_Forschungspolitik und Finanzierung_act_nq4_20250418035817_70f9.json,quantum_log_Simulatrix Neuralis_act_nq4_20250418035747_3a6e.json,2.0000
quantum_log_Forschungspolitik und Finanzierung_act_nq4_20250418035817_70f9.json,quantum_log_Simulatrix Neuralis_act_nq4_20250418035747_5f2d.json,2.0000
quantum_log_Forschungspolitik und Finanzierung_act_nq4_20250418035817_70f9.json,quantum_log_Simulatrix Neuralis_act_nq4_20250418035748_1622.json,2.0000
quantum_log_Forschungspolitik und Finanzierung_act_nq4_20250418035817_70f9.json,quantum_log_Simulatrix Neuralis_act_nq4_20250418035749_0980.json,2.0000
quantum_log_Forschungspolitik und Finanzierung_act_nq4_20250418035817_70f9.json,quantum_log_Simulatrix Neuralis_act_nq4_20250418035750_c5b2.json,2.0000
quantum_log_Forschungspolitik und Finanzierung_act_nq4_20250418035817_70f9.json,quantum_log_Simulatrix Neuralis_act_nq4_20250418035756_5563.json,2.0000
quantum_log_Forschungspolitik und Finanzierung_act_nq4_20250418035818_2a28.json,quantum_log_Simulatrix Neuralis_act_nq4_20250418035747_5f2d.json,2.0000
quantum_log_Forschungspolitik und Finanzierung_act_nq4_20250418035818_2a28.json,quantum_log_Simulatrix Neuralis_act_nq4_20250418035748_1622.json,2.0000
quantum_log_Forschungspolitik und Finanzierung_act_nq4_20250418035823_8645.json,quantum_log_Simulatrix Neuralis_act_nq4_20250418035748_1622.json,2.0000
quantum_log_Forschungspolitik und Finanzierung_act_nq4_20250418035824_2c5d.json,quantum_log_Simulatrix Neuralis_act_nq4_20250418035746_27d2.json,2.0000
quantum_log_Forschungspolitik und Finanzierung_act_nq4_20250418035824_2c5d.json,quantum_log_Simulatrix Neuralis_act_nq4_20250418035748_8921.json,2.0000
quantum_log_Forschungspolitik und Finanzierung_act_nq4_20250418035826_e716.json,quantum_log_Simulatrix Neuralis_act_nq4_20250418035747_3a6e.json,2.0000
quantum_log_Forschungspolitik und Finanzierung_act_nq4_20250418035826_e716.json,quantum_log_Simulatrix Neuralis_act_nq4_20250418035747_5f2d.json,2.0000
quantum_log_Forschungspolitik und Finanzierung_act_nq4_20250418035826_e716.json,quantum_log_Simulatrix Neuralis_act_nq4_20250418035749_0980.json,2.0000
quantum_log_Forschungspolitik und Finanzierung_act_nq4_20250418035826_e716.json,quantum_log_Simulatrix Neuralis_act_nq4_20250418035749_0ec3.json,2.0000
quantum_log_Forschungspolitik und Finanzierung_act_nq4_20250418035827_33b2.json,quantum_log_Forschungspolitik und Finanzierung_act_nq4_20250418035827_91b6.json,2.0000
quantum_log_Forschungspolitik und Finanzierung_act_nq4_20250418035827_91b6.json,quantum_log_Simulatrix Neuralis_act_nq4_20250418035747_3a6e.json,2.0000
quantum_log_Forschungspolitik und Finanzierung_act_nq4_20250418035827_91b6.json,quantum_log_Simulatrix Neuralis_act_nq4_20250418035747_5f2d.json,2.0000
quantum_log_Forschungspolitik und Finanzierung_act_nq4_20250418035827_91b6.json,quantum_log_Simulatrix Neuralis_act_nq4_20250418035748_1622.json,2.0000
quantum_log_Forschungspolitik und Finanzierung_act_nq4_20250418035827_91b6.json,quantum_log_Simulatrix Neuralis_act_nq4_20250418035749_0980.json,2.0000
quantum_log_Forschungspolitik und Finanzierung_act_nq4_20250418035827_91b6.json,quantum_log_Simulatrix Neuralis_act_nq4_20250418035750_c5b2.json,2.0000
quantum_log_Forschungspolitik und Finanzierung_act_nq4_20250418035827_91b6.json,quantum_log_Simulatrix Neuralis_act_nq4_20250418035756_5563.json,2.0000
quantum_log_Forschungspolitik und Finanzierung_act_nq4_20250418035831_79ab.json,quantum_log_Limbus Affektus_act_nq4_20250418035750_47b1.json,2.0000
quantum_log_Governance und Politik_act_nq4_20250418035808_b435.json,quantum_log_Wirtschaft und Sicherheit_act_nq4_20250418035809_3326.json,2.0000
quantum_log_Governance und Politik_act_nq4_20250418035812_a179.json,quantum_log_Simulatrix Neuralis_act_nq4_20250418035746_1dcd.json,2.0000
quantum_log_Limbus Affektus_act_nq4_20250418035757_0e84.json,quantum_log_Limbus Affektus_act_nq4_20250418035808_995a.json,2.0000
quantum_log_Limbus Affektus_act_nq4_20250418035804_fe18.json,quantum_log_Simulatrix Neuralis_act_nq4_20250418035753_e547.json,2.0000
quantum_log_Meta Cognitio_act_nq4_20250418035819_2ce4.json,quantum_log_Simulatrix Neuralis_act_nq4_20250418035752_3a6a.json,2.0000
quantum_log_Meta Cognitio_act_nq4_20250418035826_f4b4.json,quantum_log_Simulatrix Neuralis_act_nq4_20250418035807_a900.json,2.0000
quantum_log_Meta Cognitio_act_nq4_20250418035826_f4b4.json,quantum_log_Simulatrix Neuralis_act_nq4_20250418035829_b66e.json,2.0000
quantum_log_Simulatrix Neuralis_act_nq4_20250418035746_1dcd.json,quantum_log_Simulatrix Neuralis_act_nq4_20250418035747_5f2d.json,2.0000
quantum_log_Simulatrix Neuralis_act_nq4_20250418035746_1dcd.json,quantum_log_Simulatrix Neuralis_act_nq4_20250418035748_1622.json,2.0000
quantum_log_Simulatrix Neuralis_act_nq4_20250418035746_1dcd.json,quantum_log_Simulatrix Neuralis_act_nq4_20250418035749_0980.json,2.0000
quantum_log_Simulatrix Neuralis_act_nq4_20250418035746_1dcd.json,quantum_log_Simulatrix Neuralis_act_nq4_20250418035750_c5b2.json,2.0000
quantum_log_Simulatrix Neuralis_act_nq4_20250418035746_1dcd.json,quantum_log_Simulatrix Neuralis_act_nq4_20250418035756_5563.json,2.0000
quantum_log_Simulatrix Neuralis_act_nq4_20250418035746_27d2.json,quantum_log_Simulatrix Neuralis_act_nq4_20250418035751_9a38.json,2.0000
quantum_log_Simulatrix Neuralis_act_nq4_20250418035746_27d2.json,quantum_log_Simulatrix Neuralis_act_nq4_20250418035752_3a6a.json,2.0000
quantum_log_Simulatrix Neuralis_act_nq4_20250418035746_27d2.json,quantum_log_Simulatrix Neuralis_act_nq4_20250418035755_e6f9.json,2.0000
quantum_log_Simulatrix Neuralis_act_nq4_20250418035747_3a6e.json,quantum_log_Simulatrix Neuralis_act_nq4_20250418035747_5f2d.json,2.0000
quantum_log_Simulatrix Neuralis_act_nq4_20250418035747_3a6e.json,quantum_log_Simulatrix Neuralis_act_nq4_20250418035749_0980.json,2.0000
quantum_log_Simulatrix Neuralis_act_nq4_20250418035747_3a6e.json,quantum_log_Simulatrix Neuralis_act_nq4_20250418035750_c5b2.json,2.0000
quantum_log_Simulatrix Neuralis_act_nq4_20250418035747_3a6e.json,quantum_log_Simulatrix Neuralis_act_nq4_20250418035756_5563.json,2.0000
quantum_log_Simulatrix Neuralis_act_nq4_20250418035747_5f2d.json,quantum_log_Simulatrix Neuralis_act_nq4_20250418035752_fd14.json,2.0000
quantum_log_Simulatrix Neuralis_act_nq4_20250418035748_1622.json,quantum_log_Simulatrix Neuralis_act_nq4_20250418035755_2d1e.json,2.0000
quantum_log_Simulatrix Neuralis_act_nq4_20250418035748_8921.json,quantum_log_Simulatrix Neuralis_act_nq4_20250418035752_3a6a.json,2.0000
quantum_log_Simulatrix Neuralis_act_nq4_20250418035748_8921.json,quantum_log_Simulatrix Neuralis_act_nq4_20250418035756_3273.json,2.0000
quantum_log_Simulatrix Neuralis_act_nq4_20250418035749_0980.json,quantum_log_Simulatrix Neuralis_act_nq4_20250418035752_fd14.json,2.0000
quantum_log_Simulatrix Neuralis_act_nq4_20250418035749_0ec3.json,quantum_log_Simulatrix Neuralis_act_nq4_20250418035750_c5b2.json,2.0000
quantum_log_Simulatrix Neuralis_act_nq4_20250418035749_0ec3.json,quantum_log_Simulatrix Neuralis_act_nq4_20250418035756_5563.json,2.0000
quantum_log_Simulatrix Neuralis_act_nq4_20250418035750_c5b2.json,quantum_log_Simulatrix Neuralis_act_nq4_20250418035752_fd14.json,2.0000
quantum_log_Simulatrix Neuralis_act_nq4_20250418035752_3a6a.json,quantum_log_Simulatrix Neuralis_act_nq4_20250418035756_3273.json,2.0000
quantum_log_Simulatrix Neuralis_act_nq4_20250418035752_fd14.json,quantum_log_Simulatrix Neuralis_act_nq4_20250418035756_5563.json,2.0000
quantum_log_Bildung und Wissensvermittlung_act_nq4_20250418035748_e258.json,quantum_log_Forschungspolitik und Finanzierung_act_nq4_20250418035827_91b6.json,2.2361
quantum_log_Bildung und Wissensvermittlung_act_nq4_20250418035751_b4dc.json,quantum_log_Bildung und Wissensvermittlung_act_nq4_20250418035807_af16.json,2.2361
quantum_log_Bildung und Wissensvermittlung_act_nq4_20250418035751_b4dc.json,quantum_log_Simulatrix Neuralis_act_nq4_20250418035758_db58.json,2.2361
quantum_log_Bildung und Wissensvermittlung_act_nq4_20250418035755_789e.json,quantum_log_Cortex Creativus_act_nq4_20250418035807_77db.json,2.2361
quantum_log_Bildung und Wissensvermittlung_act_nq4_20250418035757_7c75.json,quantum_log_Ethik und Moral_act_nq4_20250418035802_99d8.json,2.2361
quantum_log_Bildung und Wissensvermittlung_act_nq4_20250418035757_7c75.json,quantum_log_Ethik und Moral_act_nq4_20250418035826_9d55.json,2.2361
quantum_log_Bildung und Wissensvermittlung_act_nq4_20250418035757_7c75.json,quantum_log_Forschungspolitik und Finanzierung_act_nq4_20250418035810_a5ca.json,2.2361
quantum_log_Bildung und Wissensvermittlung_act_nq4_20250418035757_7c75.json,quantum_log_Meta Cognitio_act_nq4_20250418035804_6cb2.json,2.2361
quantum_log_Bildung und Wissensvermittlung_act_nq4_20250418035757_7c75.json,quantum_log_Simulatrix Neuralis_act_nq4_20250418035748_8921.json,2.2361
quantum_log_Bildung und Wissensvermittlung_act_nq4_20250418035757_7c75.json,quantum_log_Simulatrix Neuralis_act_nq4_20250418035751_9a38.json,2.2361
quantum_log_Bildung und Wissensvermittlung_act_nq4_20250418035759_7719.json,quantum_log_Cortex Criticus_act_nq4_20250418035808_1424.json,2.2361
quantum_log_Bildung und Wissensvermittlung_act_nq4_20250418035759_7719.json,quantum_log_Simulatrix Neuralis_act_nq4_20250418035823_863b.json,2.2361
quantum_log_Bildung und Wissensvermittlung_act_nq4_20250418035802_1c54.json,quantum_log_Cortex Criticus_act_nq4_20250418035816_d23e.json,2.2361
quantum_log_Bildung und Wissensvermittlung_act_nq4_20250418035802_5260.json,quantum_log_Bildung und Wissensvermittlung_act_nq4_20250418035831_b64f.json,2.2361
quantum_log_Bildung und Wissensvermittlung_act_nq4_20250418035802_5260.json,quantum_log_Ethik und Moral_act_nq4_20250418035831_1ec6.json,2.2361
quantum_log_Bildung und Wissensvermittlung_act_nq4_20250418035802_5260.json,quantum_log_Forschungspolitik und Finanzierung_act_nq4_20250418035805_330a.json,2.2361
quantum_log_Bildung und Wissensvermittlung_act_nq4_20250418035802_5260.json,quantum_log_Forschungspolitik und Finanzierung_act_nq4_20250418035831_79ab.json,2.2361
quantum_log_Bildung und Wissensvermittlung_act_nq4_20250418035802_5260.json,quantum_log_Simulatrix Neuralis_act_nq4_20250418035752_3a6a.json,2.2361
quantum_log_Bildung und Wissensvermittlung_act_nq4_20250418035803_cdf1.json,quantum_log_Forschungspolitik und Finanzierung_act_nq4_20250418035754_7e91.json,2.2361
quantum_log_Bildung und Wissensvermittlung_act_nq4_20250418035803_cdf1.json,quantum_log_Meta Cognitio_act_nq4_20250418035754_1e8a.json,2.2361
quantum_log_Bildung und Wissensvermittlung_act_nq4_20250418035806_148f.json,quantum_log_Forschungspolitik und Finanzierung_act_nq4_20250418035805_330a.json,2.2361
quantum_log_Bildung und Wissensvermittlung_act_nq4_20250418035806_d813.json,quantum_log_Limbus Affektus_act_nq4_20250418035804_fe18.json,2.2361
quantum_log_Bildung und Wissensvermittlung_act_nq4_20250418035806_d813.json,quantum_log_Simulatrix Neuralis_act_nq4_20250418035749_0980.json,2.2361
quantum_log_Bildung und Wissensvermittlung_act_nq4_20250418035811_cb0b.json,quantum_log_Cortex Socialis_act_nq4_20250418035819_75f7.json,2.2361
quantum_log_Bildung und Wissensvermittlung_act_nq4_20250418035812_31d4.json,quantum_log_Synergien und Integration_act_nq4_20250418035747_4c88.json,2.2361
quantum_log_Bildung und Wissensvermittlung_act_nq4_20250418035813_7fe0.json,quantum_log_Simulatrix Neuralis_act_nq4_20250418035749_0ec3.json,2.2361
quantum_log_Bildung und Wissensvermittlung_act_nq4_20250418035813_7fe0.json,quantum_log_Simulatrix Neuralis_act_nq4_20250418035802_46ef.json,2.2361
quantum_log_Bildung und Wissensvermittlung_act_nq4_20250418035814_4d8e.json,quantum_log_Ethik und Moral_act_nq4_20250418035830_90ef.json,2.2361
quantum_log_Bildung und Wissensvermittlung_act_nq4_20250418035814_4d8e.json,quantum_log_Simulatrix Neuralis_act_nq4_20250418035757_9b3e.json,2.2361
quantum_log_Bildung und Wissensvermittlung_act_nq4_20250418035816_6d84.json,quantum_log_Bildung und Wissensvermittlung_act_nq4_20250418035819_58e0.json,2.2361
quantum_log_Bildung und Wissensvermittlung_act_nq4_20250418035816_6d84.json,quantum_log_Cortex Creativus_act_nq4_20250418035757_c05d.json,2.2361
quantum_log_Bildung und Wissensvermittlung_act_nq4_20250418035817_6d43.json,quantum_log_Ethik und Moral_act_nq4_20250418035804_ab8b.json,2.2361
quantum_log_Bildung und Wissensvermittlung_act_nq4_20250418035817_6d43.json,quantum_log_Forschungspolitik und Finanzierung_act_nq4_20250418035820_6f9e.json,2.2361
quantum_log_Bildung und Wissensvermittlung_act_nq4_20250418035819_58e0.json,quantum_log_Forschungspolitik und Finanzierung_act_nq4_20250418035801_4ef4.json,2.2361
quantum_log_Bildung und Wissensvermittlung_act_nq4_20250418035826_9f1a.json,quantum_log_Ethik und Moral_act_nq4_20250418035746_bc6f.json,2.2361
quantum_log_Bildung und Wissensvermittlung_act_nq4_20250418035829_0946.json,quantum_log_Cortex Criticus_act_nq4_20250418035746_5534.json,2.2361
quantum_log_Bildung und Wissensvermittlung_act_nq4_20250418035829_0946.json,quantum_log_Cortex Criticus_act_nq4_20250418035759_010e.json,2.2361
quantum_log_Bildung und Wissensvermittlung_act_nq4_20250418035829_0946.json,quantum_log_Forschungspolitik und Finanzierung_act_nq4_20250418035817_70f9.json,2.2361
quantum_log_Bildung und Wissensvermittlung_act_nq4_20250418035829_0946.json,quantum_log_Forschungspolitik und Finanzierung_act_nq4_20250418035827_91b6.json,2.2361
quantum_log_Bildung und Wissensvermittlung_act_nq4_20250418035829_0946.json,quantum_log_Simulatrix Neuralis_act_nq4_20250418035746_1dcd.json,2.2361
quantum_log_Bildung und Wissensvermittlung_act_nq4_20250418035829_0946.json,quantum_log_Simulatrix Neuralis_act_nq4_20250418035747_3a6e.json,2.2361
quantum_log_Bildung und Wissensvermittlung_act_nq4_20250418035829_0946.json,quantum_log_Simulatrix Neuralis_act_nq4_20250418035747_5f2d.json,2.2361
quantum_log_Bildung und Wissensvermittlung_act_nq4_20250418035829_0946.json,quantum_log_Simulatrix Neuralis_act_nq4_20250418035748_1622.json,2.2361
quantum_log_Bildung und Wissensvermittlung_act_nq4_20250418035829_0946.json,quantum_log_Simulatrix Neuralis_act_nq4_20250418035749_0980.json,2.2361
quantum_log_Bildung und Wissensvermittlung_act_nq4_20250418035829_0946.json,quantum_log_Simulatrix Neuralis_act_nq4_20250418035750_c5b2.json,2.2361
quantum_log_Bildung und Wissensvermittlung_act_nq4_20250418035829_0946.json,quantum_log_Simulatrix Neuralis_act_nq4_20250418035756_5563.json,2.2361
quantum_log_Bildung und Wissensvermittlung_act_nq4_20250418035831_e795.json,quantum_log_Simulatrix Neuralis_act_nq4_20250418035750_c5b2.json,2.2361
quantum_log_Bildung und Wissensvermittlung_act_nq4_20250418035831_e795.json,quantum_log_Simulatrix Neuralis_act_nq4_20250418035756_5563.json,2.2361
quantum_log_Bildung und Wissensvermittlung_act_nq4_20250418035831_e795.json,quantum_log_Simulatrix Neuralis_act_nq4_20250418035757_7feb.json,2.2361
quantum_log_Bildung und Wissensvermittlung_act_nq4_20250418035832_08da.json,quantum_log_Forschungspolitik und Finanzierung_act_nq4_20250418035810_e17a.json,2.2361
quantum_log_Bildung und Wissensvermittlung_act_nq4_20250418035832_08da.json,quantum_log_Forschungspolitik und Finanzierung_act_nq4_20250418035812_b8d4.json,2.2361
quantum_log_Bildung und Wissensvermittlung_act_nq4_20250418035832_08da.json,quantum_log_Forschungspolitik und Finanzierung_act_nq4_20250418035826_e716.json,2.2361
quantum_log_Bildung und Wissensvermittlung_act_nq4_20250418035832_08da.json,quantum_log_Simulatrix Neuralis_act_nq4_20250418035749_0ec3.json,2.2361
quantum_log_Cortex Creativus_act_nq4_20250418035753_c8d6.json,quantum_log_Cortex Criticus_act_nq4_20250418035826_2e80.json,2.2361
quantum_log_Cortex Creativus_act_nq4_20250418035754_b089.json,quantum_log_Forschungspolitik und Finanzierung_act_nq4_20250418035816_5fbe.json,2.2361
quantum_log_Cortex Creativus_act_nq4_20250418035754_b089.json,quantum_log_Limbus Affektus_act_nq4_20250418035804_f32f.json,2.2361
quantum_log_Cortex Creativus_act_nq4_20250418035756_5c79.json,quantum_log_Meta Cognitio_act_nq4_20250418035826_f4b4.json,2.2361
quantum_log_Cortex Creativus_act_nq4_20250418035800_763d.json,quantum_log_Cortex Creativus_act_nq4_20250418035825_df21.json,2.2361
quantum_log_Cortex Creativus_act_nq4_20250418035800_763d.json,quantum_log_Simulatrix Neuralis_act_nq4_20250418035802_46ef.json,2.2361
quantum_log_Cortex Creativus_act_nq4_20250418035801_6758.json,quantum_log_Governance und Politik_act_nq4_20250418035747_b9dd.json,2.2361
quantum_log_Cortex Creativus_act_nq4_20250418035801_6758.json,quantum_log_Simulatrix Neuralis_act_nq4_20250418035820_07ea.json,2.2361
quantum_log_Cortex Creativus_act_nq4_20250418035806_1c27.json,quantum_log_Cortex Criticus_act_nq4_20250418035820_8cdc.json,2.2361
quantum_log_Cortex Creativus_act_nq4_20250418035806_1c27.json,quantum_log_Meta Cognitio_act_nq4_20250418035758_8bd2.json,2.2361
quantum_log_Cortex Creativus_act_nq4_20250418035809_1c3f.json,quantum_log_Forschungspolitik und Finanzierung_act_nq4_20250418035823_8645.json,2.2361
quantum_log_Cortex Creativus_act_nq4_20250418035809_1c3f.json,quantum_log_Forschungspolitik und Finanzierung_act_nq4_20250418035826_e716.json,2.2361
quantum_log_Cortex Creativus_act_nq4_20250418035809_1c3f.json,quantum_log_Simulatrix Neuralis_act_nq4_20250418035748_1622.json,2.2361
quantum_log_Cortex Creativus_act_nq4_20250418035809_1c3f.json,quantum_log_Simulatrix Neuralis_act_nq4_20250418035750_c5b2.json,2.2361
quantum_log_Cortex Creativus_act_nq4_20250418035809_1c3f.json,quantum_log_Simulatrix Neuralis_act_nq4_20250418035756_5563.json,2.2361
quantum_log_Cortex Creativus_act_nq4_20250418035812_809a.json,quantum_log_Simulatrix Neuralis_act_nq4_20250418035746_1dcd.json,2.2361
quantum_log_Cortex Creativus_act_nq4_20250418035813_55ec.json,quantum_log_Ethik und Moral_act_nq4_20250418035811_d904.json,2.2361
quantum_log_Cortex Creativus_act_nq4_20250418035815_dab4.json,quantum_log_Ethik und Moral_act_nq4_20250418035815_5c75.json,2.2361
quantum_log_Cortex Creativus_act_nq4_20250418035816_6749.json,quantum_log_Ethik und Moral_act_nq4_20250418035815_5c75.json,2.2361
quantum_log_Cortex Creativus_act_nq4_20250418035819_550c.json,quantum_log_Meta Cognitio_act_nq4_20250418035820_e3c2.json,2.2361
quantum_log_Cortex Creativus_act_nq4_20250418035820_54b1.json,quantum_log_Simulatrix Neuralis_act_nq4_20250418035822_7208.json,2.2361
quantum_log_Cortex Creativus_act_nq4_20250418035825_3b31.json,quantum_log_Cortex Criticus_act_nq4_20250418035748_200b.json,2.2361
quantum_log_Cortex Creativus_act_nq4_20250418035825_df21.json,quantum_log_Meta Cognitio_act_nq4_20250418035805_fbe2.json,2.2361
quantum_log_Cortex Creativus_act_nq4_20250418035825_df21.json,quantum_log_Wirtschaft und Sicherheit_act_nq4_20250418035745_ee54.json,2.2361
quantum_log_Cortex Creativus_act_nq4_20250418035827_2f2d.json,quantum_log_Cortex Socialis_act_nq4_20250418035812_bf75.json,2.2361
quantum_log_Cortex Creativus_act_nq4_20250418035827_2f2d.json,quantum_log_Forschungspolitik und Finanzierung_act_nq4_20250418035810_e17a.json,2.2361
quantum_log_Cortex Creativus_act_nq4_20250418035827_2f2d.json,quantum_log_Forschungspolitik und Finanzierung_act_nq4_20250418035817_70f9.json,2.2361
quantum_log_Cortex Creativus_act_nq4_20250418035827_2f2d.json,quantum_log_Simulatrix Neuralis_act_nq4_20250418035747_5f2d.json,2.2361
quantum_log_Cortex Creativus_act_nq4_20250418035827_2f2d.json,quantum_log_Simulatrix Neuralis_act_nq4_20250418035749_0980.json,2.2361
quantum_log_Cortex Criticus_act_nq4_20250418035746_48f2.json,quantum_log_Cortex Criticus_act_nq4_20250418035811_4288.json,2.2361
quantum_log_Cortex Criticus_act_nq4_20250418035746_48f2.json,quantum_log_Ethik und Moral_act_nq4_20250418035805_861f.json,2.2361
quantum_log_Cortex Criticus_act_nq4_20250418035746_48f2.json,quantum_log_Forschungspolitik und Finanzierung_act_nq4_20250418035810_e17a.json,2.2361
quantum_log_Cortex Criticus_act_nq4_20250418035746_48f2.json,quantum_log_Forschungspolitik und Finanzierung_act_nq4_20250418035827_91b6.json,2.2361
quantum_log_Cortex Criticus_act_nq4_20250418035746_48f2.json,quantum_log_Simulatrix Neuralis_act_nq4_20250418035747_5f2d.json,2.2361
quantum_log_Cortex Criticus_act_nq4_20250418035746_48f2.json,quantum_log_Simulatrix Neuralis_act_nq4_20250418035750_c5b2.json,2.2361
quantum_log_Cortex Criticus_act_nq4_20250418035746_48f2.json,quantum_log_Simulatrix Neuralis_act_nq4_20250418035756_5563.json,2.2361
quantum_log_Cortex Criticus_act_nq4_20250418035746_5534.json,quantum_log_Cortex Criticus_act_nq4_20250418035806_538d.json,2.2361
quantum_log_Cortex Criticus_act_nq4_20250418035746_5534.json,quantum_log_Ethik und Moral_act_nq4_20250418035817_4093.json,2.2361
quantum_log_Cortex Criticus_act_nq4_20250418035746_5534.json,quantum_log_Simulatrix Neuralis_act_nq4_20250418035801_85c9.json,2.2361
quantum_log_Cortex Criticus_act_nq4_20250418035746_5534.json,quantum_log_Simulatrix Neuralis_act_nq4_20250418035804_d2a2.json,2.2361
quantum_log_Cortex Criticus_act_nq4_20250418035747_5a8c.json,quantum_log_Forschungspolitik und Finanzierung_act_nq4_20250418035818_2a28.json,2.2361
quantum_log_Cortex Criticus_act_nq4_20250418035747_5a8c.json,quantum_log_Forschungspolitik und Finanzierung_act_nq4_20250418035824_257e.json,2.2361
quantum_log_Cortex Criticus_act_nq4_20250418035747_5a8c.json,quantum_log_Limbus Affektus_act_nq4_20250418035801_c818.json,2.2361
quantum_log_Cortex Criticus_act_nq4_20250418035747_5a8c.json,quantum_log_Limbus Affektus_act_nq4_20250418035833_6ec5.json,2.2361
quantum_log_Cortex Criticus_act_nq4_20250418035747_5a8c.json,quantum_log_Simulatrix Neuralis_act_nq4_20250418035747_5f2d.json,2.2361
quantum_log_Cortex Criticus_act_nq4_20250418035747_5a8c.json,quantum_log_Simulatrix Neuralis_act_nq4_20250418035752_fd14.json,2.2361
quantum_log_Cortex Criticus_act_nq4_20250418035747_9212.json,quantum_log_Forschungspolitik und Finanzierung_act_nq4_20250418035817_70f9.json,2.2361
quantum_log_Cortex Criticus_act_nq4_20250418035748_200b.json,quantum_log_Cortex Criticus_act_nq4_20250418035811_4288.json,2.2361
quantum_log_Cortex Criticus_act_nq4_20250418035748_200b.json,quantum_log_Forschungspolitik und Finanzierung_act_nq4_20250418035823_8645.json,2.2361
quantum_log_Cortex Criticus_act_nq4_20250418035748_200b.json,quantum_log_Meta Cognitio_act_nq4_20250418035748_0477.json,2.2361
quantum_log_Cortex Criticus_act_nq4_20250418035748_eb23.json,quantum_log_Cortex Socialis_act_nq4_20250418035800_b69b.json,2.2361
quantum_log_Cortex Criticus_act_nq4_20250418035752_8cde.json,quantum_log_Forschungspolitik und Finanzierung_act_nq4_20250418035810_e17a.json,2.2361
quantum_log_Cortex Criticus_act_nq4_20250418035753_076d.json,quantum_log_Meta Cognitio_act_nq4_20250418035749_86f3.json,2.2361
quantum_log_Cortex Criticus_act_nq4_20250418035754_2442.json,quantum_log_Ethik und Moral_act_nq4_20250418035811_b2fa.json,2.2361
quantum_log_Cortex Criticus_act_nq4_20250418035754_2442.json,quantum_log_Ethik und Moral_act_nq4_20250418035817_65d8.json,2.2361
quantum_log_Cortex Criticus_act_nq4_20250418035754_2442.json,quantum_log_Forschungspolitik und Finanzierung_act_nq4_20250418035804_c245.json,2.2361
quantum_log_Cortex Criticus_act_nq4_20250418035755_64e6.json,quantum_log_Simulatrix Neuralis_act_nq4_20250418035751_9a38.json,2.2361
quantum_log_Cortex Criticus_act_nq4_20250418035757_7a81.json,quantum_log_Meta Cognitio_act_nq4_20250418035758_8bd2.json,2.2361
quantum_log_Cortex Criticus_act_nq4_20250418035757_87f0.json,quantum_log_Ethik und Moral_act_nq4_20250418035827_0612.json,2.2361
quantum_log_Cortex Criticus_act_nq4_20250418035757_87f0.json,quantum_log_Ethik und Moral_act_nq4_20250418035832_00b2.json,2.2361
quantum_log_Cortex Criticus_act_nq4_20250418035757_87f0.json,quantum_log_Forschungspolitik und Finanzierung_act_nq4_20250418035803_905b.json,2.2361
quantum_log_Cortex Criticus_act_nq4_20250418035758_2460.json,quantum_log_Cortex Socialis_act_nq4_20250418035813_c32e.json,2.2361
quantum_log_Cortex Criticus_act_nq4_20250418035758_2460.json,quantum_log_Forschungspolitik und Finanzierung_act_nq4_20250418035753_3f60.json,2.2361
quantum_log_Cortex Criticus_act_nq4_20250418035758_2460.json,quantum_log_Forschungspolitik und Finanzierung_act_nq4_20250418035811_8b7f.json,2.2361
quantum_log_Cortex Criticus_act_nq4_20250418035758_2460.json,quantum_log_Forschungspolitik und Finanzierung_act_nq4_20250418035824_2c5d.json,2.2361
quantum_log_Cortex Criticus_act_nq4_20250418035758_2460.json,quantum_log_Simulatrix Neuralis_act_nq4_20250418035746_27d2.json,2.2361
quantum_log_Cortex Criticus_act_nq4_20250418035758_2460.json,quantum_log_Simulatrix Neuralis_act_nq4_20250418035748_8921.json,2.2361
quantum_log_Cortex Criticus_act_nq4_20250418035759_010e.json,quantum_log_Simulatrix Neuralis_act_nq4_20250418035751_9a38.json,2.2361
quantum_log_Cortex Criticus_act_nq4_20250418035800_a2c5.json,quantum_log_Forschungspolitik und Finanzierung_act_nq4_20250418035810_e17a.json,2.2361
quantum_log_Cortex Criticus_act_nq4_20250418035801_1fb4.json,quantum_log_Cortex Socialis_act_nq4_20250418035810_e5f1.json,2.2361
quantum_log_Cortex Criticus_act_nq4_20250418035802_a9c1.json,quantum_log_Cortex Socialis_act_nq4_20250418035814_3368.json,2.2361
quantum_log_Cortex Criticus_act_nq4_20250418035802_a9c1.json,quantum_log_Forschungspolitik und Finanzierung_act_nq4_20250418035803_a104.json,2.2361
quantum_log_Cortex Criticus_act_nq4_20250418035803_0450.json,quantum_log_Limbus Affektus_act_nq4_20250418035807_761c.json,2.2361
quantum_log_Cortex Criticus_act_nq4_20250418035803_0450.json,quantum_log_Meta Cognitio_act_nq4_20250418035758_25d0.json,2.2361
quantum_log_Cortex Criticus_act_nq4_20250418035803_0450.json,quantum_log_Simulatrix Neuralis_act_nq4_20250418035818_7117.json,2.2361
quantum_log_Cortex Criticus_act_nq4_20250418035804_429f.json,quantum_log_Ethik und Moral_act_nq4_20250418035750_b5ed.json,2.2361
quantum_log_Cortex Criticus_act_nq4_20250418035807_2c37.json,quantum_log_Cortex Socialis_act_nq4_20250418035801_515a.json,2.2361
quantum_log_Cortex Criticus_act_nq4_20250418035807_2c37.json,quantum_log_Ethik und Moral_act_nq4_20250418035802_99d8.json,2.2361
quantum_log_Cortex Criticus_act_nq4_20250418035807_2c37.json,quantum_log_Simulatrix Neuralis_act_nq4_20250418035746_27d2.json,2.2361
quantum_log_Cortex Criticus_act_nq4_20250418035808_1424.json,quantum_log_Ethik und Moral_act_nq4_20250418035832_00b2.json,2.2361
quantum_log_Cortex Criticus_act_nq4_20250418035808_1424.json,quantum_log_Simulatrix Neuralis_act_nq4_20250418035746_1dcd.json,2.2361
quantum_log_Cortex Criticus_act_nq4_20250418035810_64ab.json,quantum_log_Forschungspolitik und Finanzierung_act_nq4_20250418035816_41f5.json,2.2361
quantum_log_Cortex Criticus_act_nq4_20250418035810_64ab.json,quantum_log_Meta Cognitio_act_nq4_20250418035758_8bd2.json,2.2361
quantum_log_Cortex Criticus_act_nq4_20250418035811_4288.json,quantum_log_Simulatrix Neuralis_act_nq4_20250418035806_54cd.json,2.2361
quantum_log_Cortex Criticus_act_nq4_20250418035812_791d.json,quantum_log_Cortex Socialis_act_nq4_20250418035801_515a.json,2.2361
quantum_log_Cortex Criticus_act_nq4_20250418035812_791d.json,quantum_log_Forschungspolitik und Finanzierung_act_nq4_20250418035810_a5ca.json,2.2361
quantum_log_Cortex Criticus_act_nq4_20250418035812_791d.json,quantum_log_Simulatrix Neuralis_act_nq4_20250418035746_27d2.json,2.2361
quantum_log_Cortex Criticus_act_nq4_20250418035812_791d.json,quantum_log_Simulatrix Neuralis_act_nq4_20250418035748_8921.json,2.2361
quantum_log_Cortex Criticus_act_nq4_20250418035812_791d.json,quantum_log_Simulatrix Neuralis_act_nq4_20250418035751_9a38.json,2.2361
quantum_log_Cortex Criticus_act_nq4_20250418035814_d2c7.json,quantum_log_Ethik und Moral_act_nq4_20250418035759_2251.json,2.2361
quantum_log_Cortex Criticus_act_nq4_20250418035814_d947.json,quantum_log_Cortex Socialis_act_nq4_20250418035753_907d.json,2.2361
quantum_log_Cortex Criticus_act_nq4_20250418035814_d947.json,quantum_log_Meta Cognitio_act_nq4_20250418035826_516a.json,2.2361
quantum_log_Cortex Criticus_act_nq4_20250418035817_f101.json,quantum_log_Forschungspolitik und Finanzierung_act_nq4_20250418035829_e89d.json,2.2361
quantum_log_Cortex Criticus_act_nq4_20250418035817_f101.json,quantum_log_Simulatrix Neuralis_act_nq4_20250418035749_0980.json,2.2361
quantum_log_Cortex Criticus_act_nq4_20250418035817_f101.json,quantum_log_Simulatrix Neuralis_act_nq4_20250418035749_0ec3.json,2.2361
quantum_log_Cortex Criticus_act_nq4_20250418035820_8cdc.json,quantum_log_Governance und Politik_act_nq4_20250418035812_a179.json,2.2361
quantum_log_Cortex Criticus_act_nq4_20250418035820_8cdc.json,quantum_log_Simulatrix Neuralis_act_nq4_20250418035749_0ec3.json,2.2361
quantum_log_Cortex Criticus_act_nq4_20250418035822_5e35.json,quantum_log_Cortex Socialis_act_nq4_20250418035833_1f9a.json,2.2361
quantum_log_Cortex Criticus_act_nq4_20250418035823_7e91.json,quantum_log_Cortex Socialis_act_nq4_20250418035805_306b.json,2.2361
quantum_log_Cortex Criticus_act_nq4_20250418035825_6d76.json,quantum_log_Ethik und Moral_act_nq4_20250418035813_9a40.json,2.2361
quantum_log_Cortex Criticus_act_nq4_20250418035825_6d76.json,quantum_log_Meta Cognitio_act_nq4_20250418035801_10d4.json,2.2361
quantum_log_Cortex Criticus_act_nq4_20250418035825_6d76.json,quantum_log_Simulatrix Neuralis_act_nq4_20250418035748_1622.json,2.2361
quantum_log_Cortex Criticus_act_nq4_20250418035825_6d76.json,quantum_log_Synergien und Integration_act_nq4_20250418035828_112b.json,2.2361
quantum_log_Cortex Criticus_act_nq4_20250418035825_c6dc.json,quantum_log_Ethik und Moral_act_nq4_20250418035820_b840.json,2.2361
quantum_log_Cortex Criticus_act_nq4_20250418035826_2e80.json,quantum_log_Simulatrix Neuralis_act_nq4_20250418035752_fd14.json,2.2361
quantum_log_Cortex Criticus_act_nq4_20250418035826_5e5e.json,quantum_log_Simulatrix Neuralis_act_nq4_20250418035747_3a6e.json,2.2361
quantum_log_Cortex Criticus_act_nq4_20250418035828_3210.json,quantum_log_Forschungspolitik und Finanzierung_act_nq4_20250418035817_70f9.json,2.2361
quantum_log_Cortex Criticus_act_nq4_20250418035828_3210.json,quantum_log_Forschungspolitik und Finanzierung_act_nq4_20250418035829_783d.json,2.2361
quantum_log_Cortex Criticus_act_nq4_20250418035828_3210.json,quantum_log_Simulatrix Neuralis_act_nq4_20250418035749_0980.json,2.2361
quantum_log_Cortex Criticus_act_nq4_20250418035831_c92c.json,quantum_log_Synergien und Integration_act_nq4_20250418035828_112b.json,2.2361
quantum_log_Cortex Socialis_act_nq4_20250418035746_df35.json,quantum_log_Ethik und Moral_act_nq4_20250418035825_0741.json,2.2361
quantum_log_Cortex Socialis_act_nq4_20250418035746_df35.json,quantum_log_Forschungspolitik und Finanzierung_act_nq4_20250418035753_3f60.json,2.2361
quantum_log_Cortex Socialis_act_nq4_20250418035746_df35.json,quantum_log_Forschungspolitik und Finanzierung_act_nq4_20250418035819_5299.json,2.2361
quantum_log_Cortex Socialis_act_nq4_20250418035746_df35.json,quantum_log_Forschungspolitik und Finanzierung_act_nq4_20250418035824_2c5d.json,2.2361
quantum_log_Cortex Socialis_act_nq4_20250418035746_df35.json,quantum_log_Forschungspolitik und Finanzierung_act_nq4_20250418035825_d697.json,2.2361
quantum_log_Cortex Socialis_act_nq4_20250418035746_df35.json,quantum_log_Simulatrix Neuralis_act_nq4_20250418035746_27d2.json,2.2361
quantum_log_Cortex Socialis_act_nq4_20250418035746_df35.json,quantum_log_Simulatrix Neuralis_act_nq4_20250418035748_8921.json,2.2361
quantum_log_Cortex Socialis_act_nq4_20250418035746_df35.json,quantum_log_Simulatrix Neuralis_act_nq4_20250418035754_02b4.json,2.2361
quantum_log_Cortex Socialis_act_nq4_20250418035748_5388.json,quantum_log_Ethik und Moral_act_nq4_20250418035806_d55c.json,2.2361
quantum_log_Cortex Socialis_act_nq4_20250418035748_5388.json,quantum_log_Ethik und Moral_act_nq4_20250418035814_d2f0.json,2.2361
quantum_log_Cortex Socialis_act_nq4_20250418035750_2e4f.json,quantum_log_Simulatrix Neuralis_act_nq4_20250418035747_3a6e.json,2.2361
quantum_log_Cortex Socialis_act_nq4_20250418035751_0f4d.json,quantum_log_Simulatrix Neuralis_act_nq4_20250418035747_5f2d.json,2.2361
quantum_log_Cortex Socialis_act_nq4_20250418035758_9f01.json,quantum_log_Ethik und Moral_act_nq4_20250418035829_bb9e.json,2.2361
quantum_log_Cortex Socialis_act_nq4_20250418035800_b69b.json,quantum_log_Forschungspolitik und Finanzierung_act_nq4_20250418035827_33b2.json,2.2361
quantum_log_Cortex Socialis_act_nq4_20250418035801_515a.json,quantum_log_Simulatrix Neuralis_act_nq4_20250418035749_0980.json,2.2361
quantum_log_Cortex Socialis_act_nq4_20250418035801_515a.json,quantum_log_Simulatrix Neuralis_act_nq4_20250418035753_e547.json,2.2361
quantum_log_Cortex Socialis_act_nq4_20250418035802_9a26.json,quantum_log_Simulatrix Neuralis_act_nq4_20250418035823_863b.json,2.2361
quantum_log_Cortex Socialis_act_nq4_20250418035804_892c.json,quantum_log_Meta Cognitio_act_nq4_20250418035826_f4b4.json,2.2361
quantum_log_Cortex Socialis_act_nq4_20250418035805_306b.json,quantum_log_Cortex Socialis_act_nq4_20250418035825_9f34.json,2.2361
quantum_log_Cortex Socialis_act_nq4_20250418035806_dbc3.json,quantum_log_Governance und Politik_act_nq4_20250418035823_fd41.json,2.2361
quantum_log_Cortex Socialis_act_nq4_20250418035813_c32e.json,quantum_log_Limbus Affektus_act_nq4_20250418035809_0772.json,2.2361
quantum_log_Cortex Socialis_act_nq4_20250418035813_c32e.json,quantum_log_Meta Cognitio_act_nq4_20250418035830_c50c.json,2.2361
quantum_log_Cortex Socialis_act_nq4_20250418035814_3368.json,quantum_log_Limbus Affektus_act_nq4_20250418035747_88c1.json,2.2361
quantum_log_Cortex Socialis_act_nq4_20250418035814_3368.json,quantum_log_Simulatrix Neuralis_act_nq4_20250418035804_d2a2.json,2.2361
quantum_log_Cortex Socialis_act_nq4_20250418035814_3368.json,quantum_log_Simulatrix Neuralis_act_nq4_20250418035809_3322.json,2.2361
quantum_log_Cortex Socialis_act_nq4_20250418035816_4d8c.json,quantum_log_Ethik und Moral_act_nq4_20250418035749_3aa4.json,2.2361
quantum_log_Cortex Socialis_act_nq4_20250418035821_4ea9.json,quantum_log_Forschungspolitik und Finanzierung_act_nq4_20250418035805_19d3.json,2.2361
quantum_log_Cortex Socialis_act_nq4_20250418035821_4ea9.json,quantum_log_Meta Cognitio_act_nq4_20250418035759_207f.json,2.2361
quantum_log_Cortex Socialis_act_nq4_20250418035826_53e7.json,quantum_log_Meta Cognitio_act_nq4_20250418035829_f642.json,2.2361
quantum_log_Cortex Socialis_act_nq4_20250418035828_f4b6.json,quantum_log_Synergien und Integration_act_nq4_20250418035808_d249.json,2.2361
quantum_log_Cortex Socialis_act_nq4_20250418035831_15aa.json,quantum_log_Limbus Affektus_act_nq4_20250418035811_2d82.json,2.2361
quantum_log_Cortex Socialis_act_nq4_20250418035832_a778.json,quantum_log_Synergien und Integration_act_nq4_20250418035813_0221.json,2.2361
quantum_log_Cortex Socialis_act_nq4_20250418035833_1f9a.json,quantum_log_Limbus Affektus_act_nq4_20250418035746_0a8d.json,2.2361
quantum_log_Ethik und Moral_act_nq4_20250418035746_bc6f.json,quantum_log_Meta Cognitio_act_nq4_20250418035817_e057.json,2.2361
quantum_log_Ethik und Moral_act_nq4_20250418035750_b5ed.json,quantum_log_Limbus Affektus_act_nq4_20250418035829_59e7.json,2.2361
quantum_log_Ethik und Moral_act_nq4_20250418035750_b5ed.json,quantum_log_Simulatrix Neuralis_act_nq4_20250418035747_3a6e.json,2.2361
quantum_log_Ethik und Moral_act_nq4_20250418035753_3640.json,quantum_log_Forschungspolitik und Finanzierung_act_nq4_20250418035752_7c16.json,2.2361
quantum_log_Ethik und Moral_act_nq4_20250418035754_4a8f.json,quantum_log_Ethik und Moral_act_nq4_20250418035816_e28a.json,2.2361
quantum_log_Ethik und Moral_act_nq4_20250418035755_e7e6.json,quantum_log_Simulatrix Neuralis_act_nq4_20250418035829_b66e.json,2.2361
quantum_log_Ethik und Moral_act_nq4_20250418035757_b472.json,quantum_log_Governance und Politik_act_nq4_20250418035801_7c08.json,2.2361
quantum_log_Ethik und Moral_act_nq4_20250418035757_b472.json,quantum_log_Limbus Affektus_act_nq4_20250418035825_f4ca.json,2.2361
quantum_log_Ethik und Moral_act_nq4_20250418035757_b472.json,quantum_log_Simulatrix Neuralis_act_nq4_20250418035746_1dcd.json,2.2361
quantum_log_Ethik und Moral_act_nq4_20250418035759_2251.json,quantum_log_Ethik und Moral_act_nq4_20250418035828_f7c7.json,2.2361
quantum_log_Ethik und Moral_act_nq4_20250418035759_2251.json,quantum_log_Governance und Politik_act_nq4_20250418035759_840d.json,2.2361
quantum_log_Ethik und Moral_act_nq4_20250418035759_2251.json,quantum_log_Simulatrix Neuralis_act_nq4_20250418035746_27d2.json,2.2361
quantum_log_Ethik und Moral_act_nq4_20250418035759_2251.json,quantum_log_Simulatrix Neuralis_act_nq4_20250418035748_8921.json,2.2361
quantum_log_Ethik und Moral_act_nq4_20250418035802_99d8.json,quantum_log_Forschungspolitik und Finanzierung_act_nq4_20250418035810_e17a.json,2.2361
quantum_log_Ethik und Moral_act_nq4_20250418035802_99d8.json,quantum_log_Simulatrix Neuralis_act_nq4_20250418035748_1622.json,2.2361
quantum_log_Ethik und Moral_act_nq4_20250418035802_99d8.json,quantum_log_Simulatrix Neuralis_act_nq4_20250418035749_0980.json,2.2361
quantum_log_Ethik und Moral_act_nq4_20250418035802_99d8.json,quantum_log_Simulatrix Neuralis_act_nq4_20250418035750_c5b2.json,2.2361
quantum_log_Ethik und Moral_act_nq4_20250418035802_99d8.json,quantum_log_Simulatrix Neuralis_act_nq4_20250418035756_5563.json,2.2361
quantum_log_Ethik und Moral_act_nq4_20250418035805_861f.json,quantum_log_Forschungspolitik und Finanzierung_act_nq4_20250418035752_7c16.json,2.2361
quantum_log_Ethik und Moral_act_nq4_20250418035805_861f.json,quantum_log_Simulatrix Neuralis_act_nq4_20250418035748_8921.json,2.2361
quantum_log_Ethik und Moral_act_nq4_20250418035805_861f.json,quantum_log_Simulatrix Neuralis_act_nq4_20250418035754_02b4.json,2.2361
quantum_log_Ethik und Moral_act_nq4_20250418035810_512e.json,quantum_log_Ethik und Moral_act_nq4_20250418035811_9ce6.json,2.2361
quantum_log_Ethik und Moral_act_nq4_20250418035810_512e.json,quantum_log_Ethik und Moral_act_nq4_20250418035820_19d2.json,2.2361
quantum_log_Ethik und Moral_act_nq4_20250418035810_512e.json,quantum_log_Forschungspolitik und Finanzierung_act_nq4_20250418035757_08d9.json,2.2361
quantum_log_Ethik und Moral_act_nq4_20250418035810_512e.json,quantum_log_Simulatrix Neuralis_act_nq4_20250418035751_9a38.json,2.2361
quantum_log_Ethik und Moral_act_nq4_20250418035811_9ce6.json,quantum_log_Forschungspolitik und Finanzierung_act_nq4_20250418035832_2185.json,2.2361
quantum_log_Ethik und Moral_act_nq4_20250418035811_9ce6.json,quantum_log_Simulatrix Neuralis_act_nq4_20250418035747_5f2d.json,2.2361
quantum_log_Ethik und Moral_act_nq4_20250418035812_06c5.json,quantum_log_Ethik und Moral_act_nq4_20250418035816_4901.json,2.2361
quantum_log_Ethik und Moral_act_nq4_20250418035813_86f5.json,quantum_log_Forschungspolitik und Finanzierung_act_nq4_20250418035814_2fcb.json,2.2361
quantum_log_Ethik und Moral_act_nq4_20250418035813_9a40.json,quantum_log_Ethik und Moral_act_nq4_20250418035820_424d.json,2.2361
quantum_log_Ethik und Moral_act_nq4_20250418035816_e28a.json,quantum_log_Meta Cognitio_act_nq4_20250418035758_8bd2.json,2.2361
quantum_log_Ethik und Moral_act_nq4_20250418035817_4093.json,quantum_log_Forschungspolitik und Finanzierung_act_nq4_20250418035827_91b6.json,2.2361
quantum_log_Ethik und Moral_act_nq4_20250418035817_65d8.json,quantum_log_Meta Cognitio_act_nq4_20250418035829_f642.json,2.2361
quantum_log_Ethik und Moral_act_nq4_20250418035820_19d2.json,quantum_log_Simulatrix Neuralis_act_nq4_20250418035747_5f2d.json,2.2361
quantum_log_Ethik und Moral_act_nq4_20250418035820_424d.json,quantum_log_Meta Cognitio_act_nq4_20250418035751_e422.json,2.2361
quantum_log_Ethik und Moral_act_nq4_20250418035820_424d.json,quantum_log_Simulatrix Neuralis_act_nq4_20250418035747_3a6e.json,2.2361
quantum_log_Ethik und Moral_act_nq4_20250418035820_424d.json,quantum_log_Simulatrix Neuralis_act_nq4_20250418035748_1622.json,2.2361
quantum_log_Ethik und Moral_act_nq4_20250418035820_424d.json,quantum_log_Simulatrix Neuralis_act_nq4_20250418035749_0ec3.json,2.2361
quantum_log_Ethik und Moral_act_nq4_20250418035820_424d.json,quantum_log_Simulatrix Neuralis_act_nq4_20250418035750_c5b2.json,2.2361
quantum_log_Ethik und Moral_act_nq4_20250418035820_424d.json,quantum_log_Simulatrix Neuralis_act_nq4_20250418035756_5563.json,2.2361
quantum_log_Ethik und Moral_act_nq4_20250418035820_b840.json,quantum_log_Limbus Affektus_act_nq4_20250418035802_ef4c.json,2.2361
quantum_log_Ethik und Moral_act_nq4_20250418035821_2fc7.json,quantum_log_Simulatrix Neuralis_act_nq4_20250418035746_27d2.json,2.2361
quantum_log_Ethik und Moral_act_nq4_20250418035821_2fc7.json,quantum_log_Simulatrix Neuralis_act_nq4_20250418035755_e6f9.json,2.2361
quantum_log_Ethik und Moral_act_nq4_20250418035822_63ba.json,quantum_log_Forschungspolitik und Finanzierung_act_nq4_20250418035810_e17a.json,2.2361
quantum_log_Ethik und Moral_act_nq4_20250418035822_63ba.json,quantum_log_Forschungspolitik und Finanzierung_act_nq4_20250418035824_257e.json,2.2361
quantum_log_Ethik und Moral_act_nq4_20250418035822_63ba.json,quantum_log_Simulatrix Neuralis_act_nq4_20250418035747_5f2d.json,2.2361
quantum_log_Ethik und Moral_act_nq4_20250418035822_63ba.json,quantum_log_Simulatrix Neuralis_act_nq4_20250418035758_db58.json,2.2361
quantum_log_Ethik und Moral_act_nq4_20250418035824_8ec5.json,quantum_log_Simulatrix Neuralis_act_nq4_20250418035748_1622.json,2.2361
quantum_log_Ethik und Moral_act_nq4_20250418035824_8ec5.json,quantum_log_Synergien und Integration_act_nq4_20250418035823_2ef6.json,2.2361
quantum_log_Ethik und Moral_act_nq4_20250418035825_0741.json,quantum_log_Simulatrix Neuralis_act_nq4_20250418035748_1622.json,2.2361
quantum_log_Ethik und Moral_act_nq4_20250418035825_1151.json,quantum_log_Simulatrix Neuralis_act_nq4_20250418035747_5f2d.json,2.2361
quantum_log_Ethik und Moral_act_nq4_20250418035826_9d55.json,quantum_log_Simulatrix Neuralis_act_nq4_20250418035747_5f2d.json,2.2361
